date,WTI,COTTON,NATURAL_GAS,ALL_COMMODITIES,COFFEE,SUGAR,ALUMINUM,BRENT,CORN,COPPER,WHEAT
2023-04-01,79.45,,2.16,,,,,84.64,,,
2023-03-01,73.28,95.3913043478261,2.31,167.43884383106,222.663913043478,20.9617391304348,2296.41695652174,78.43,284.957404968944,8856.31086956522,309.429599855072
2023-02-01,76.83,99.43,2.38,173.851434849999,229.506,21.4035,2416.1815,82.59,298.245303383459,8936.587,332.412023436842
2023-01-01,78.12,100.311363636364,3.27,181.870766851206,206.76,19.9431818181818,2494.90090909091,82.5,302.839988392857,9007.34636363636,320.097045125
2022-12-01,76.44,100.886363636364,5.53,193.367161042792,210.388636363636,20.065,2398.20681818182,80.92,302.235405102041,8371.09136363636,323.654838134921
2022-11-01,84.37,101.165909090909,5.45,191.131624137054,213.718181818182,19.4059090909091,2350.71636363636,91.42,320.929682857143,8049.86136363636,344.329860728333
2022-10-01,87.55,100.27619047619,5.66,191.110161646235,240.082380952381,18.3009523809524,2255.53523809524,93.33,343.553283333333,7651.08285714286,353.712907166667
2022-09-01,84.26,117.940909090909,7.88,219.78087737201,267.492272727273,18.1859090909091,2224.75590909091,89.76,312.546127891156,7746.01136363636,346.322181071428
2022-08-01,93.67,124.758695652174,8.81,241.40906246162,268.48347826087,18.0626086956522,2433.91608695652,100.45,293.930790333851,7990.81217391304,323.016768768116
2022-07-01,101.62,131.035714285714,7.28,228.711439850432,255.906666666667,18.34,2408.42333333333,111.93,312.682041964286,7544.80952380952,321.97512765873
2022-06-01,114.84,154.445454545455,7.7,230.732748689327,273.763636363636,18.7940909090909,2575.66954545455,122.71,335.717134013605,9067.55181818182,397.6523199
2022-05-01,109.55,163.979545454545,8.14,225.311284902409,260.449545454545,19.2809090909091,2839.50545454545,113.34,344.909299603175,9395.02727272727,444.15656781746
2022-04-01,101.78,155.315789473684,6.6,227.174882863444,265.397619047619,19.6990476190476,3246.99047619048,104.58,348.507116964286,10174.3476190476,406.026886301667
2022-03-01,108.5,141.126086956522,4.9,238.936914187727,258.99347826087,19.1078260869565,3498.37304347826,117.25,335.930684161491,10230.8939130435,387.665013697101
2022-02-01,91.64,138.405,4.69,203.072091255628,279.8335,18.2031578947368,3245.7855,97.13,292.671593045113,9943.175,347.5032275
2022-01-01,83.22,132.3325,4.38,191.707703388993,271.081428571429,18.461,3005.9805,86.51,276.719178214286,9782.3375,326.081669833333
2021-12-01,71.71,120.040476190476,3.76,186.16580134527,268.329130434783,19.1672727272727,2695.53142857143,74.17,264.573146768707,9551.18,324.017900555555
2021-11-01,79.15,126.543181818182,5.05,182.573183164538,258.978181818182,19.7461904761905,2636.45227272727,81.05,248.767746071429,9728.90454545454,317.437354813333
2021-10-01,81.48,117.383333333333,5.51,191.075420801618,241.073333333333,19.6190476190476,2934.39380952381,83.54,239.60245085034,9829.21904761905,294.036818253968
2021-09-01,71.65,103.681818181818,5.16,171.303462468387,225.536818181818,19.2642857142857,2834.55681818182,74.49,235.815603571429,9324.70954545455,269.733507301587
2021-08-01,67.73,101.304761904762,4.07,163.05967995318,216.434545454545,19.3836363636364,2602.99190476191,70.75,257.020755357143,9370.13857142857,274.87603
2021-07-01,72.49,97.7,3.84,164.695187288805,204.500909090909,17.7147619047619,2497.63545454545,75.17,278.445755612245,9450.82045454546,243.628006984127
2021-06-01,71.38,94.5045454545455,3.26,160.413674755609,192.064545454545,17.2140909090909,2446.64545454545,73.16,292.523726785714,9631.5,238.767026666667
2021-05-01,65.17,90.8868421052632,2.91,154.871240466647,186.462857142857,17.2033333333333,2434.7765,68.53,304.297549659864,10166.285,278.447005396825
2021-04-01,61.72,90.73,2.66,145.134323180275,168.648636363636,16.237619047619,2319.3925,64.81,268.622448809524,9324.8175,239.936143333333
2021-03-01,62.33,91.4521739130435,2.62,140.937427035201,167.050869565217,15.805652173913,2190.48260869565,65.41,245.760356832298,8988.24782608696,229.887549275362
2021-02-01,59.04,92.76,5.35,137.89128370902,166.429,17.0005263157895,2078.5935,62.28,245.554056578947,8470.94,240.806388070175
2021-01-01,52.0,87.235,2.71,136.808839835117,160.819523809524,15.9163157894737,2003.9755,54.77,231.754461466165,7972.1475,237.944249824561
2020-12-01,47.02,81.0214285714286,2.59,125.140117281121,157.952608695652,14.6677272727273,2014.6719047619,49.99,199.184417517007,7772.2380952381,217.312542857143
2020-11-01,40.94,77.7238095238095,2.61,115.132633625377,150.726190476191,14.9335,1935.28333333333,42.69,190.625037593985,7068.90714285714,210.753936491228
2020-10-01,39.4,74.8159090909091,2.39,111.268655188289,152.056818181818,14.2877272727273,1806.10181818182,40.19,186.7663875,6713.81136363636,203.4263
2020-09-01,39.63,70.8136363636363,1.92,108.33468342074,166.564545454545,12.4414285714286,1743.77454545455,40.91,166.602533503401,6704.9,204.137313809524
2020-08-01,42.34,70.0,2.3,108.679955303339,163.071428571429,12.8142857142857,1738.55523809524,44.74,149.392999829932,6508.39285714286,174.182476984127
2020-07-01,40.71,68.5239130434783,1.77,102.887179091693,146.780869565217,11.9018181818182,1643.81217391304,43.24,152.587619642857,6372.46086956522,170.574121666667
2020-06-01,38.31,67.8,1.63,99.8921663876564,141.52,11.8281818181818,1568.57045454545,40.27,148.042380357143,5754.59545454546,169.722336666667
2020-05-01,28.56,65.7026315789474,1.75,91.7174653391091,149.91619047619,10.641,1466.37157894737,29.38,143.98924375,5239.82631578947,174.954968833333
2020-04-01,16.55,63.5325,1.74,85.0490316170515,154.630454545455,10.0519047619048,1459.9345,18.38,147.012160204082,5057.972,179.746517936508
2020-03-01,29.21,67.6863636363636,1.79,93.1705055905076,148.327272727273,11.805,1610.89090909091,32.01,162.179148214286,5182.63181818182,170.874751666667
2020-02-01,50.54,76.5675,1.91,110.137603592061,135.5005,15.0710526315789,1688.095,55.66,168.744598496241,5687.75,172.231102807018
2020-01-01,57.52,79.0681818181818,2.02,118.811698214241,142.93652173913,14.1666666666667,1773.09090909091,63.65,171.814135204082,6031.20909090909,178.241777301587
2019-12-01,59.88,75.83,2.22,119.29872697487,156.029090909091,13.3352380952381,1771.38,67.31,167.059017321429,6077.0625,165.254640833333
2019-11-01,57.03,74.8571428571428,2.65,116.427399713612,140.981428571429,12.687,1774.78571428571,63.21,166.361785526316,5859.95238095238,157.528264259259
2019-10-01,53.96,73.8847826086957,2.33,112.652198070281,127.051304347826,12.4573913043478,1725.95652173913,59.71,167.297794099379,5757.29782608696,153.22109
2019-09-01,56.95,71.3119047619048,2.56,114.073675334073,128.894285714286,11.158,1753.5119047619,62.83,157.374436607143,5759.25,146.570486333333
2019-08-01,54.81,70.7761904761905,2.22,112.040003428534,126.279545454545,11.5554545454546,1740.67857142857,59.04,163.628614285714,5709.44047619048,149.363005
2019-07-01,57.35,75.5391304347826,2.37,117.375106218246,135.470434782609,12.1286363636364,1796.98913043478,63.92,189.486373214286,5941.19565217391,163.876753333333
2019-06-01,54.66,77.65,2.4,114.86701571619,129.7235,12.4395,1755.95,64.22,195.167922321429,5882.225,174.697763166667
2019-05-01,60.83,80.1380952380952,2.64,119.639814357328,120.549130434783,11.825,1781.2619047619,71.32,171.180153571429,6017.90476190476,158.281695
2019-04-01,63.86,87.2475,2.65,122.77998094573,120.990454545455,12.5357142857143,1845.425,71.23,161.653386564626,6438.3625,159.030088730159
2019-03-01,58.15,83.8095238095238,2.95,119.364307743277,123.888571428571,12.4738095238095,1871.21428571429,66.14,166.321331972789,6439.46428571429,164.506644761905
2019-02-01,54.95,81.15,2.69,118.744238482665,128.454,12.9289473684211,1862.9875,63.96,169.656283458647,6300.4875,177.916701754386
2019-01-01,51.38,82.3545454545454,3.11,117.018940738945,128.357391304348,12.6809523809524,1853.71590909091,59.41,166.846241496599,5939.10227272727,188.84494968254
2018-12-01,49.52,85.9973684210526,4.04,115.900162011294,127.058571428571,12.5535,1920.38157894737,57.36,167.489880555556,6075.31578947368,188.535836296296
2018-11-01,56.96,86.775,4.09,121.454747024837,137.107727272727,12.792380952381,1938.51136363636,64.75,160.878207678571,6195.92045454546,181.552390877193
2018-10-01,70.75,86.8,3.28,132.817541291737,137.341739130435,13.1847826086957,2029.85869565217,81.03,160.365565062112,6219.58695652174,188.461606666667
2018-09-01,70.23,90.355,3.0,131.720310839944,121.18,10.7836842105263,2026.4625,78.89,154.945003383459,6050.7625,191.144421754386
2018-08-01,68.06,94.5522727272727,2.96,127.500840494068,125.210869565217,10.4552173913043,2051.51136363636,72.53,162.522258540373,6051.04545454546,211.29205884058
2018-07-01,70.98,96.1795454545455,2.83,129.840947702809,130.598636363636,11.1552380952381,2082.23863636364,74.25,156.55426547619,6250.75,196.806077460317
2018-06-01,67.87,97.7071428571429,2.97,131.646123912483,134.03380952381,12.0619047619048,2237.61904761905,74.41,165.140285544218,6965.85714285714,193.07921984127
2018-05-01,69.98,94.4785714285715,2.8,132.836006812929,135.609565217391,11.8272727272727,2299.66666666667,76.98,179.179058928571,6825.27380952381,192.70383
2018-04-01,66.25,92.2375,2.8,128.083658939941,134.339523809524,11.8242857142857,2254.6875,72.11,175.600982482993,6851.5125,180.376409365079
2018-03-01,62.73,92.1357142857143,2.69,126.116602528028,134.939090909091,12.8257142857143,2069.2380952381,66.02,172.076589965986,6799.17857142857,180.918815873016
2018-02-01,62.23,88.2675,2.67,126.349051212069,136.2835,13.5726315789474,2181.7875,65.32,163.460969736842,7006.525,172.289119122807
2018-01-01,63.7,91.0568181818182,3.87,128.461669849086,138.876086956522,13.9795238095238,2209.72727272727,69.08,155.916875340136,7065.85227272727,156.388044126984
2017-12-01,57.88,85.4236842105263,2.82,121.992279700185,137.30619047619,14.4325,2080.47368421053,64.37,149.0874275,6833.89473684211,147.1032695
2017-11-01,56.64,80.4113636363636,3.01,120.500268941428,140.904090909091,14.9666666666667,2097.44090909091,62.71,148.792165892857,6826.54545454546,138.045955666667
2017-10-01,51.58,78.6045454545454,2.88,115.562701096136,140.709545454545,14.2318181818182,2131.48863636364,57.51,148.722376785714,6807.60227272727,133.344516031746
2017-09-01,49.82,80.6047619047619,2.98,114.09346486128,146.560476190476,13.931,2096.4880952381,56.15,147.315857857143,6577.16666666667,138.413392333333
2017-08-01,48.04,79.3409090909091,2.9,111.044240889913,149.877391304348,13.7960869565217,2030.01136363636,51.7,148.543430357143,6485.625,139.050815072464
2017-07-01,46.63,84.0880952380952,2.98,108.228429724116,149.802857142857,14.119,1902.96428571429,48.48,157.610645892857,5985.11904761905,174.532416666667
2017-06-01,45.18,84.7636363636364,2.98,105.675238726499,143.222727272727,13.53,1885.28636363636,46.37,157.973907142857,5719.76136363636,157.246191666667
2017-05-01,48.48,88.6380952380952,3.15,108.927676016284,150.0,15.6890909090909,1913.02380952381,50.33,158.600219642857,5599.55952380952,146.440213333333
2017-04-01,51.06,87.0361111111111,3.1,111.112790999156,155.574,16.3168421052632,1921.22222222222,52.31,156.540452067669,5683.90277777778,138.407590701754
2017-03-01,49.33,86.7826086956522,2.88,110.842228738389,160.150434782609,18.0595652173913,1901.46739130435,51.59,158.979119254658,5824.63043478261,146.43149942029
2017-02-01,53.47,85.155,2.85,116.331460765317,166.351,20.4057894736842,1860.75,54.87,162.962535912698,5940.9125,147.361442105263
2017-01-01,52.5,82.3309523809524,3.3,115.704869800857,168.612727272727,20.5375,1791.2380952381,54.58,160.012106964286,5754.55952380952,137.145735833333
2016-12-01,51.97,79.5025,3.59,111.463587626653,161.780909090909,18.83,1727.7375,53.31,152.729924659864,5660.35,122.846325555556
2016-11-01,45.66,78.9227272727273,2.55,105.525639224854,184.115454545455,20.8685714285714,1737.11363636364,44.73,151.331415714286,5450.93181818182,122.549797719298
2016-10-01,49.78,78.5166666666667,2.98,106.720403357688,178.955238095238,22.9166666666667,1665.90476190476,49.52,152.617444047619,4731.2619047619,122.558500166667
2016-09-01,45.18,77.8613636363636,2.99,103.17943979476,176.295454545455,21.352380952381,1592.36363636364,46.57,148.51190170068,4722.20454545455,123.248756190476
2016-08-01,44.72,80.2613636363637,2.82,103.156242149091,167.541304347826,20.014347826087,1639.28409090909,45.84,150.21541242236,4751.67045454546,127.899911014493
2016-07-01,44.65,81.0642857142857,2.82,102.794468094437,171.76380952381,19.687,1629.04761904762,44.95,161.823044821429,4864.90476190476,133.710203
2016-06-01,48.76,74.1022727272727,2.59,103.515057896825,165.452272727273,19.3372727272727,1593.50681818182,48.25,179.912739285714,4641.96590909091,156.695036666667
2016-05-01,46.71,70.2775,1.92,100.832288233466,155.194545454545,16.6842857142857,1550.625,46.74,169.002119897959,4694.5375,157.560342063492
2016-04-01,40.75,69.2785714285714,1.92,96.9279430586823,154.217619047619,14.9980952380952,1571.22619047619,41.58,164.465401870748,4872.7380952381,163.386837777778
2016-03-01,37.55,65.4571428571429,1.73,93.5966567628088,157.631304347826,15.4304545454545,1531.0119047619,38.21,159.226532142857,4953.79761904762,164.060471666667
2016-02-01,30.32,66.5714285714286,1.99,87.0150888635958,147.697142857143,13.314,1531.2619047619,32.18,159.716845357143,4598.61904761905,159.283795
2016-01-01,31.68,68.75,2.28,85.2731849371398,145.434761904762,14.2910526315789,1481.1,30.7,161.098876879699,4471.7875,164.611626666667
2015-12-01,37.19,70.3880952380952,1.93,90.5728796066738,148.612173913044,14.7627272727273,1497.20238095238,38.01,164.004401785714,4638.83333333333,163.893455
2015-11-01,42.44,69.2214285714286,2.09,96.0093230576381,147.978571428571,14.843,1467.89285714286,44.27,166.09242406015,4799.90476190476,157.804378947368
2015-10-01,46.22,69.0272727272727,2.34,102.040725243686,153.250454545455,14.1418181818182,1516.48863636364,48.43,171.448573214286,5216.09090909091,165.451481904762
2015-09-01,45.48,68.7363636363636,2.66,101.881826679377,146.146818181818,12.1371428571429,1589.60227272727,47.62,166.077623979592,5217.25,164.06922015873
2015-08-01,42.87,71.8225,2.77,102.354659760561,156.923333333333,10.6747619047619,1548.125,46.52,162.74069914966,5127.3,173.517591587302
2015-07-01,50.9,72.3478260869565,2.84,109.327539142244,154.44652173913,11.8786363636364,1639.5,56.56,179.608530357143,5456.75,199.21748
2015-06-01,59.82,72.3522727272727,2.78,115.742643374841,159.755,12.1136363636364,1687.72727272727,61.48,166.813860714286,5833.01136363636,199.835441666667
2015-05-01,59.27,72.8631578947368,2.85,118.119367498046,158.482857142857,12.7035,1804.03947368421,64.08,166.350389464286,6294.77631578947,193.216571166667
2015-04-01,54.45,71.7025,2.61,114.580373947608,163.997727272727,12.9109523809524,1819.1875,59.52,172.151577040816,6042.0875,195.931228253968
2015-03-01,47.82,69.3522727272727,2.83,113.248246566578,160.735909090909,12.8409090909091,1773.86363636364,55.89,174.293821428571,5939.67045454546,202.691426666667
2015-02-01,50.58,69.8425,2.87,117.198881925442,178.8885,14.5121052631579,1817.82,58.1,173.758865789474,5729.275,201.74206877193
2015-01-01,47.22,67.35,2.99,113.974758439255,189.626363636364,15.0625,1814.71904761905,47.76,174.794871428571,5830.53571428571,213.0214075
2014-12-01,59.29,68.3047619047619,3.48,125.92723660929,193.386086956522,14.9922727272727,1909.45952380952,62.34,178.712946088435,6446.45238095238,234.858836666667
2014-11-01,75.79,67.525,4.12,139.118864477708,209.376,15.8789473684211,2055.555,79.44,178.708535084034,6712.85,215.987918235294
2014-10-01,84.4,70.3434782608696,3.78,145.765382671243,225.285652173913,16.475652173913,1946.18913043478,87.43,163.378089285714,6737.47826086957,210.724928333333
2014-09-01,93.21,73.3818181818182,3.92,154.167918007637,210.526363636364,16.5442857142857,1990.43181818182,97.09,163.134381292517,6872.21590909091,211.171101428571
2014-08-01,96.54,73.995,3.91,159.253727420342,212.965238095238,17.7247619047619,2030.4925,101.61,176.482080612245,7001.8375,229.158001111111
2014-07-01,103.59,83.8369565217391,4.05,164.797642103171,196.895217391304,18.7304545454545,1948.30434782609,106.77,182.29451625,7113.38043478261,238.549905
2014-06-01,105.79,90.8976190476191,4.59,168.351310351098,197.890952380952,18.2419047619048,1838.95238095238,111.8,202.633822959184,6821.14285714286,261.649900634921
2014-05-01,102.18,92.7125,4.58,168.070779566853,214.202727272727,18.2404761904762,1751.05,109.54,216.975101020408,6891.125,287.912873809524
2014-04-01,102.07,94.2025,4.66,170.105532955183,223.494090909091,18.2147619047619,1810.675,107.76,222.430410714286,6673.5625,276.382361269841
2014-03-01,100.8,96.947619047619,4.9,168.62977360677,214.086666666667,17.8880952380952,1705.36666666667,107.48,222.392917176871,6650.03571428571,275.612493968254
2014-02-01,100.82,94.05,6.0,169.350272659741,173.6435,16.8852631578947,1695.165,108.9,209.356019548872,7149.2125,242.798281578947
2014-01-01,94.62,90.9636363636364,4.71,165.526537724477,132.518260869565,15.707619047619,1727.41136363636,108.12,198.771988605442,7291.46590909091,229.980359365079
2013-12-01,97.63,87.4875,4.24,167.17527927191,125.735454545455,16.5447619047619,1739.81,110.76,197.553448639456,7214.9,246.112578730159
2013-11-01,93.86,84.6476190476191,3.64,163.565587954207,122.018095238095,17.7485,1747.96428571429,107.79,199.182444172932,7070.65476190476,259.777723333333
2013-10-01,100.54,89.3478260869566,3.68,165.397114175621,128.698695652174,18.8126086956522,1814.58260869565,109.08,201.779992857143,7203.02173913044,278.149556666667
2013-09-01,106.29,90.0928571428571,3.62,167.962245671055,132.281428571429,17.619,1761.30476190476,111.6,207.490173392857,7159.26904761905,257.499616
2013-08-01,106.57,92.7142857142857,3.43,168.5851083046,135.154090909091,17.2440909090909,1816.23571428571,111.28,234.938766071429,7186.25,258.925938333333
2013-07-01,104.67,92.6152173913044,3.62,165.994366693682,138.387391304348,17.0963636363636,1769.60869565217,107.93,279.013271428571,6906.64130434783,257.472893333333
2013-06-01,95.77,93.08,3.83,164.0598227828,138.2595,16.956,1814.5375,102.92,297.111913214286,7000.2375,266.850879166667
2013-05-01,94.51,92.6227272727273,4.04,166.74340866391,147.186086956522,17.4263636363636,1832.57142857143,102.56,295.368975,7248.71428571429,276.045146666667
2013-04-01,92.02,92.535,4.17,167.819250104005,149.786818181818,17.6622727272727,1861.02380952381,102.25,279.764846428571,7221.1619047619,264.170261666667
2013-03-01,92.94,94.4475,3.81,171.203032018493,149.808095238095,18.339,1911.2825,108.47,309.579205075188,7652.375,263.341859
2013-02-01,95.31,89.71,3.33,175.50395775166,149.459,18.2078947368421,2053.595,116.05,302.61034047619,8060.925,271.678588703704
2013-01-01,94.76,85.5068181818182,3.33,174.027821529619,157.037391304348,18.8457142857143,2037.60681818182,112.96,303.36021122449,8053.73863636364,288.210322539683
2012-12-01,87.86,83.3736842105263,3.34,169.963509713296,152.707619047619,19.202,2086.76315789474,109.49,308.75040056391,7966.48684210526,303.038556140351
2012-11-01,86.53,80.8727272727273,3.54,169.079559418959,159.906363636364,19.3133333333333,1948.82954545455,109.06,321.596870488722,7711.22727272727,319.459936190476
2012-10-01,89.49,81.9521739130435,3.32,171.236194405048,173.317391304348,20.3886956521739,1974.30434782609,111.71,321.382417321428,8062.03260869565,318.407834927536
2012-09-01,94.51,84.15,2.85,173.022479627727,178.977,20.2063157894737,2064.12,112.86,320.705905639098,8087.7425,316.653051578947
2012-08-01,94.13,84.3977272727273,2.84,171.376777462595,174.824347826087,20.5613043478261,1843.32727272727,113.36,332.233495341615,7510.43181818182,315.548219130435
2012-07-01,87.9,83.9681818181818,2.95,166.486246140197,190.445909090909,22.7571428571429,1876.25,102.62,332.99885255102,7584.26136363636,310.746438095238
2012-06-01,82.3,82.1815789473684,2.46,160.920296994703,168.686666666667,20.0980952380952,1885.51315789474,95.16,267.328921768707,7428.28947368421,241.965793492064
2012-05-01,94.66,88.5340909090909,2.43,171.938519978354,184.364782608696,20.2654545454545,2002.52272727273,110.34,268.884903571429,7896.90909090909,228.87964
2012-04-01,103.32,100.097368421053,1.95,182.596822240735,191.448571428571,22.477,2048.50526315789,119.75,274.219296607143,8285.52631578947,228.086310833333
2012-03-01,106.16,99.5045454545455,2.17,185.631243934266,201.255909090909,23.7881818181818,2184.15909090909,125.45,280.715051964286,8470.78409090909,243.493598333333
2012-02-01,102.2,100.745238095238,2.51,181.918468947264,224.157619047619,23.416,2207.91666666667,119.33,279.514321428571,8441.4880952381,245.9804765
2012-01-01,100.27,101.114285714286,2.67,176.456379874451,237.206818181818,24.0205,2151.33333333333,110.69,272.920145535714,8061.91666666667,243.702369166667
2011-12-01,98.56,95.445,3.17,173.390492144848,236.297727272727,23.4152380952381,2024.375,107.87,258.51794047619,7558.875,236.0596865
2011-11-01,97.16,104.684090909091,3.24,176.807901196487,245.087272727273,24.517619047619,2079.98181818182,110.77,274.278348928571,7581.02272727273,244.53785015873
2011-10-01,86.32,110.611904761905,3.57,174.898446897193,247.82380952381,26.2985714285714,2180.64761904762,109.55,274.846376020408,7394.19047619048,251.589134761905
2011-09-01,85.52,116.877272727273,3.9,180.653747319119,274.880454545455,26.6385714285714,2293.46136363636,112.83,296.299496428571,8300.13636363636,272.340557936508
2011-08-01,86.33,114.097727272727,4.06,183.210643311126,270.440434782609,28.874347826087,2380.975,110.22,310.307111645963,8997.98863636364,288.688308333333
2011-07-01,97.3,149.25,4.42,187.88328347747,268.021428571429,29.471,2525.42857142857,116.97,300.832209464286,9650.46428571429,271.462209333333
2011-06-01,96.26,164.925,4.54,184.913285745087,274.980909090909,24.9245454545455,2557.76136363636,113.83,310.536474285714,9066.85227272727,285.29787
2011-05-01,100.9,165.52,4.31,186.867635951463,291.065909090909,21.8409523809524,2587.2125,114.99,308.575221428571,8931.675,307.19455031746
2011-04-01,109.53,216.616666666667,4.24,194.306033357694,300.477142857143,23.903,2667.41666666667,123.26,318.938776020408,9482.75,307.254408421053
2011-03-01,102.86,229.667391304348,3.97,184.783151963602,292.067391304348,25.9,2555.5,114.64,290.43472173913,9503.35869565217,285.375811111111
2011-02-01,88.58,213.175,4.09,178.70444958861,288.3885,29.3063157894737,2515.26,103.72,293.396796992481,9880.9375,317.600651403509
2011-01-01,89.17,178.9275,4.49,172.458767894064,263.765714285714,29.7368421052632,2439.7,96.52,265.285523979592,9533.2,295.988606833333
2010-12-01,89.15,168.22380952381,4.25,166.162039399656,249.443913043478,28.0409090909091,2356.66904761905,91.45,250.62555085034,9152.85714285714,274.456818166667
2010-11-01,84.25,155.468181818182,3.71,157.064601960867,233.512727272727,26.4204761904762,2324.04545454545,85.28,238.23674875,8458.42045454545,241.840133333333
2010-10-01,81.89,126.552380952381,3.43,152.207460939239,217.439047619048,26.9438095238095,2342.17857142857,82.67,235.703122959184,8289.7619047619,234.599563174603
2010-09-01,75.24,104.731818181818,3.89,144.433606285338,222.713181818182,22.6695238095238,2171.24318181818,77.84,205.839520408163,7729.59090909091,240.432182833333
2010-08-01,76.6,90.3452380952381,4.32,141.643776111645,211.59,18.6036363636364,2110.44047619048,77.04,175.600130357143,7302.66666666667,219.877441666667
2010-07-01,76.32,84.15,4.63,137.843341038294,203.213636363636,17.69,1989.04545454545,75.58,163.921745578231,6750.56818181818,182.738502222222
2010-06-01,75.34,91.6833333333333,4.8,137.719023925784,190.903181818182,16.3,1929.40909090909,74.76,152.873933928571,6501.5,149.21269
2010-05-01,73.74,90.0710526315789,4.14,140.402469952676,173.369047619048,15.105,2044.71052631579,75.95,163.240300535714,6843.15789473684,158.328459666667
2010-04-01,84.29,88.075,4.03,149.313117882383,169.389545454545,16.8857142857143,2314.2775,84.82,157.266642687075,7729.8375,156.825468730159
2010-03-01,81.2,85.7863636363636,4.29,141.524805511806,164.502608695652,18.1478260869565,2210.53043478261,78.83,158.927769409938,7466.9347826087,156.464117971015
2010-02-01,76.39,80.0475,5.32,136.552742218458,157.8565,21.9789473684211,2053.27,73.75,161.906961278196,6867.675,160.16156037037
2010-01-01,78.33,77.39,5.83,139.839679297432,158.655714285714,21.9052631578947,2230.1125,76.17,167.335630827068,7367.375,167.821862807018
2009-12-01,74.47,76.7833333333333,5.35,134.045837287127,157.943913043478,24.9027272727273,2181.25714285714,74.46,164.612819642857,6976.97619047619,171.155498730159
2009-11-01,77.99,71.7761904761905,3.66,131.509059740893,152.210476190476,22.769,1956.54761904762,76.66,171.686854511278,6682.44047619048,177.607281403509
2009-10-01,75.72,66.8204545454546,4.01,126.645989122524,154.572272727273,23.1609090909091,1875.66363636364,72.77,167.279121428571,6305.98863636364,163.726438333333
2009-09-01,69.41,64.0727272727273,2.99,119.135919568377,148.51,23.4514285714286,1835.59772727273,67.65,150.592793027211,6195.75,156.930450634921
2009-08-01,71.05,64.255,3.14,122.795871392493,149.761904761905,21.72,1927.6375,72.51,152.036294217687,6176.875,179.554051111111
2009-07-01,64.15,64.7978260869565,3.38,116.328952708189,140.897826086957,17.8045454545455,1670.55652173913,64.44,151.800255357143,5228.41304347826,195.325991666667
2009-06-01,69.64,61.3886363636364,3.8,120.502487414329,149.781363636364,16.5759090909091,1579.62727272727,68.61,179.393794642857,5015.43181818182,227.314693833333
2009-05-01,59.03,61.95,3.83,111.797397368604,150.492380952381,15.466,1466.67105263158,57.3,180.070212142857,4591.46052631579,227.186091
2009-04-01,49.65,56.775,3.5,102.904605315295,135.078181818182,13.4695238095238,1431.8125,50.18,168.795905442177,4436.925,200.887646666667
2009-03-01,47.94,51.5,3.96,100.944839840212,128.52,12.9281818181818,1338.07954545455,46.54,164.577030357143,3770.875,199.100568333333
2009-02-01,39.09,55.21,4.52,100.92348256431,129.4815,13.3121052631579,1338.0625,43.32,163.399960515873,3328.4125,195.224902631579
2009-01-01,41.71,57.6952380952381,5.24,104.427579022121,127.807272727273,12.244,1420.35952380952,43.44,173.295129931973,3260.35714285714,211.276083333333
2008-12-01,41.12,55.4690476190476,5.82,101.904734420369,118.792173913043,11.32,1504.41666666667,39.95,158.909796964286,3105.09523809524,188.84494968254
2008-11-01,57.31,55.0605263157895,6.68,114.359339707555,121.886,11.8284210526316,1857.13,52.45,164.304400210084,3729.1875,194.114629607843
2008-10-01,76.61,62.3021739130435,6.74,134.788242367655,123.586956521739,11.7021739130435,2122.02826086957,71.58,183.024702891156,4894.89130434783,202.774935
2008-09-01,104.11,73.5863636363636,7.67,164.858399692681,143.269090909091,14.0204761904762,2524.14772727273,97.23,233.945613392857,6975.11363636364,263.049659365079
2008-08-01,116.67,78.0375,8.26,179.781378472755,146.428095238095,13.6814285714286,2762.56,113.24,235.159466666667,7633.8,304.164072666667
2008-07-01,133.37,77.2891304347826,11.09,200.808359967538,147.356956521739,13.2077272727273,3067.45652173913,132.72,267.141454081633,8407.02173913043,299.42748
2008-06-01,133.88,77.0428571428571,12.69,199.223140422477,146.149523809524,12.0652380952381,2967.86904761905,132.32,287.132070892857,8292.0,314.15835
2008-05-01,125.4,74.1225,11.27,190.237107906841,142.043636363636,10.9347619047619,2908.2775,122.8,243.531773571429,8356.125,288.420286349206
2008-04-01,112.58,75.4068181818182,10.18,177.796062262196,140.704545454545,12.5227272727273,2968.03409090909,109.07,246.6418625,8714.18181818182,326.851616666667
2008-03-01,105.45,80.178947368421,9.41,171.181055223119,149.220476190476,12.8765,3012.05263157895,103.64,233.925929285714,8434.31578947368,403.812896666667
2008-02-01,95.39,75.0547619047619,8.54,161.414167479217,157.289523809524,13.6075,2784.89285714286,94.99,220.047597744361,7941.14285714286,393.873734833333
2008-01-01,92.97,73.2477272727273,7.99,154.383559162106,139.822608695652,11.6595238095238,2456.125,92.18,206.558804323308,7078.90909090909,336.117065079365
2007-12-01,91.69,69.5868421052632,7.11,147.755432401636,138.042857142857,10.4463157894737,2382.83333333333,90.93,180.283263655462,6630.73611111111,339.225695925926
2007-11-01,94.77,69.7071428571428,7.1,147.612174794676,131.045454545455,9.896,2507.15227272727,92.41,171.113943392857,6957.43181818182,286.495618095238
2007-10-01,85.8,68.9326086956522,6.74,139.447027404245,134.290869565217,9.99478260869565,2444.53260869565,82.34,164.114103726708,8020.58695652174,303.630490724638
2007-09-01,79.92,68.2078947368421,6.08,131.754371003311,128.0435,9.85105263157895,2394.9625,77.17,160.125031578947,7671.35,297.952459122807
2007-08-01,72.36,66.6181818181818,6.22,125.569045154311,123.150869565217,9.61304347826087,2512.60227272727,70.76,151.030785714286,7500.20454545455,240.686992173913
2007-07-01,74.12,67.805,6.22,129.619040838954,117.633181818182,9.89571428571428,2738.09090909091,76.93,147.216401315789,7980.93181818182,222.001734603175
2007-06-01,67.49,60.4394736842105,7.35,127.07767879833,119.328095238095,9.26047619047619,2681.30952380952,71.05,164.537264484127,7514.2380952381,206.516903650794
2007-05-01,63.46,55.5738095238095,7.64,126.760826703287,113.326956521739,9.08636363636364,2804.60476190476,67.21,160.139158928571,7677.95238095238,178.006363333333
2007-04-01,63.98,57.1775,7.6,126.426951618491,114.694761904762,9.594,2817.05263157895,67.49,152.630566785714,7753.34210526316,178.555848166667
2007-03-01,60.44,58.4113636363637,7.11,119.61720550207,117.083636363636,10.3668181818182,2757.07954545455,62.05,169.583269727891,6465.29545454546,173.313195
2007-02-01,59.28,57.8921052631579,8.0,116.909043314201,122.032,10.5715789473684,2839.05,57.56,177.384885526316,5718.15,175.26729
2007-01-01,54.51,59.052380952381,6.55,110.892795218448,124.694347826087,10.9035,2799.05909090909,53.68,165.160018984962,5689.34090909091,172.5666305
2006-12-01,61.96,59.4263157894737,6.73,115.395055956808,128.356190476191,11.6965,2823.67105263158,62.47,160.720734821429,6680.97368421053,179.529555333333
2006-11-01,59.08,57.4,7.41,113.474580801754,122.265454545455,11.732,2702.13636363636,58.76,164.10640125,7029.29545454546,182.301077619048
2006-10-01,58.89,57.0272727272727,5.85,110.698495911314,110.633181818182,11.5090909090909,2657.14772727273,57.81,142.262410714286,7497.40909090909,182.432305
2006-09-01,63.8,58.82,4.9,112.400918147041,109.826666666667,12.3135,2484.38095238095,61.96,120.269894642857,7622.64285714286,164.942319666667
2006-08-01,73.04,59.854347826087,7.14,122.122935091643,111.73,12.9795652173913,2461.55227272727,73.23,115.277289285714,7690.25,165.129378333333
2006-07-01,74.41,56.725,6.17,121.47218256652,104.997619047619,15.857,2511.83333333333,73.67,114.305610178571,7726.7380952381,181.348366833333
2006-06-01,70.95,56.4181818181818,6.21,117.066399201037,103.149545454545,15.6890909090909,2490.95454545455,68.56,109.612356632653,7222.77272727273,176.920755
2006-05-01,70.84,55.4119047619048,6.25,119.811486522325,109.629565217391,16.9004545454545,2852.07142857143,69.78,110.624682142857,8059.19047619048,176.603423333333
2006-04-01,69.44,57.1763157894737,7.16,115.604648629511,115.3375,17.4626315789474,2623.85833333333,70.26,107.910347368421,6404.44444444444,161.208002807018
2006-03-01,62.69,58.6152173913043,6.89,106.955531141202,113.660434782609,17.0821739130435,2432.47826086957,62.06,104.952080357143,5123.67391304348,155.793146666667
2006-02-01,61.63,60.75,7.54,106.099284947744,119.1215,18.0526315789474,2453.375,60.21,106.936502067669,4974.975,158.887350175439
2006-01-01,65.49,59.005,8.69,107.805714352905,124.198636363636,16.187,2383.30238095238,62.99,102.7904075,4743.85714285714,144.5679565
2005-12-01,59.41,56.5255,13.05,106.121002250701,105.924545454545,13.9271428571429,2250.9,56.86,102.676052210884,4577.025,139.99337
2005-11-01,58.32,56.8295454545455,10.3,101.047521554343,107.742272727273,11.808,2056.97045454545,55.24,95.9797064285714,4278.15909090909,136.353997301587
2005-10-01,62.26,58.2380952380952,13.42,107.012106797995,105.099047619048,11.6128571428571,1934.14285714286,58.54,101.551246088435,4056.16666666667,143.072839206349
2005-09-01,65.59,54.9452380952381,11.75,107.597009494798,99.4909090909091,10.8104761904762,1837.69318181818,62.91,97.0707683673469,3850.65909090909,137.386319365079
2005-08-01,64.99,54.0659090909091,9.53,103.62105354363,108.203913043478,9.87521739130434,1871.27272727273,63.98,99.2866364285714,3791.90909090909,131.558302173913
2005-07-01,59.0,54.9725,7.63,97.7757469683376,109.928571428571,9.5975,1783.2619047619,57.52,105.664287142857,3608.47619047619,130.164439166667
2005-06-01,56.35,53.9863636363636,7.18,95.5070254009748,121.155909090909,9.03318181818182,1731.94318181818,54.35,97.6152767857143,3529.72727272727,122.473321666667
2005-05-01,49.83,55.84,6.47,91.7383810656271,128.397727272727,8.51142857142857,1741.45,48.65,95.364812414966,3241.9,119.154461904762
2005-04-01,52.98,56.9547619047619,7.16,94.1885845775862,129.529523809524,8.52571428571428,1891.9880952381,51.88,96.4708717687075,3389.80952380952,120.064305079365
2005-03-01,54.19,56.2357142857143,6.96,94.599555802495,134.777826086957,8.895,1987.5,53.1,100.014011054422,3378.90476190476,129.955668333333
2005-02-01,48.15,52.165,6.14,87.4309144203889,120.8325,9.32368421052632,1882.775,45.48,94.3593936090225,3247.1,123.129960877193
2005-01-01,46.84,51.2605263157895,6.15,85.4687843799749,107.164285714286,8.922,1836.175,44.51,96.03875875,3168.1,122.778962166667
2004-12-01,43.15,48.5952380952381,6.58,82.6103037167049,104.388260869565,8.79523809523809,1852.90952380952,39.6,95.6085204081633,3139.78571428571,123.554573043478
2004-11-01,48.47,49.2425,6.17,83.8591118778556,90.2677272727273,8.666,1817.34090909091,43.11,93.7585103383459,3130.30909090909,127.133086666667
2004-10-01,53.28,52.5222222222222,6.35,86.4844297749064,80.5509523809524,8.96380952380952,1830.35714285714,49.78,93.4151484693877,3009.40476190476,123.056289365079
2004-09-01,45.94,56.6785714285714,5.15,80.6799602588991,80.4659090909091,8.67428571428571,1731.0,43.2,97.7269052721088,2903.17045454545,126.8207655
2004-08-01,44.9,53.4714285714286,5.41,80.8376020798345,73.6081818181818,7.87909090909091,1692.07142857143,42.74,104.0931375,2844.20238095238,122.05578
2004-07-01,40.78,57.0159090909091,5.93,79.7700843227268,74.9677272727273,8.16571428571429,1707.84090909091,38.22,104.49448877551,2816.79545454545,132.387431
2004-06-01,38.03,64.6342857142857,6.27,78.3948255987984,82.2145454545455,7.51428571428571,1682.02954545455,35.18,123.278751020408,2689.04545454545,136.86140984127
2004-05-01,40.28,70.0394736842105,6.33,79.6792614069198,77.44,6.6225,1625.25,37.57,129.285215714286,2728.46052631579,143.184267368421
2004-04-01,36.75,69.4394736842105,5.71,76.5434715985936,75.5377272727273,6.86047619047619,1731.68,33.59,133.439499659864,2926.975,146.064823492064
2004-03-01,36.74,72.275,5.39,75.4267213343332,78.0591304347826,6.49608695652174,1657.35434782609,33.63,128.460194875776,3000.28260869565,142.548725
2004-02-01,34.69,73.9157894736842,5.37,72.9606913930652,76.2255,5.87315789473684,1685.225,30.86,122.932429135338,2751.7175,141.733859473684
2004-01-01,34.31,76.2421052631579,6.14,73.1691802528608,72.0286363636364,6.03052631578947,1608.89285714286,31.28,116.245588293651,2421.47619047619,147.289612380952
2003-12-01,32.13,73.5875,6.13,70.5234791175792,64.884347826087,6.34380952380952,1557.77857142857,29.81,111.992209586466,2202.03571428571,145.067495396825
2003-11-01,31.11,76.9421052631579,4.47,67.4059805137133,62.2775,6.19111111111111,1511.585,28.75,108.10048487395,2053.275,141.347084035088
2003-10-01,30.34,72.5586956521739,4.63,67.4783288374775,64.2834782608696,6.09826086956522,1477.22391304348,29.61,104.205951552795,1925.58260869565,130.056604492754
2003-09-01,28.31,64.1840909090909,4.62,64.5014534129361,66.4104545454545,6.27142857142857,1416.57727272727,27.11,103.238455272109,1789.67045454545,130.64998047619
2003-08-01,31.57,60.5,4.99,64.4238736964299,63.8914285714286,6.70904761904762,1457.225,29.89,100.349578214286,1756.725,133.484491904762
2003-07-01,30.76,60.2130434782609,5.03,63.3039713180149,62.9513043478261,6.73227272727273,1440.88043478261,28.35,97.6706649659864,1712.82608695652,115.775953333333
2003-06-01,30.66,58.5,5.82,64.3843517879062,61.0466666666667,6.4047619047619,1410.51666666667,27.65,107.02530255102,1685.10714285714,118.157133809524
2003-05-01,28.11,57.8025,5.81,63.0659772161954,66.0968181818182,7.01380952380952,1400.3975,25.86,107.906400680272,1651.1,131.052411111111
2003-04-01,28.17,60.78,5.26,61.8871994794742,64.6922727272727,7.26190476190476,1334.29,25.0,105.338093367347,1587.8675,126.048273650794
2003-03-01,33.51,61.01,5.93,65.782767587809,61.7480952380952,7.84333333333334,1386.52380952381,30.61,105.131878911565,1655.69285714286,129.2458475
2003-02-01,35.83,58.5526315789474,7.71,70.2295140727457,66.4085,8.34833333333334,1421.535,32.77,106.141079960317,1682.145,141.656504385965
2003-01-01,32.95,56.7136363636364,5.43,65.1533780787117,65.3834782608696,7.89047619047619,1379.26818181818,31.18,105.844256122449,1650.31136363636,140.483285555556
2002-12-01,29.46,55.2190476190476,4.74,,63.6559090909091,7.508,1375.8619047619,28.33,107.012648482143,1592.96428571429,149.195988333333
2002-11-01,26.35,52.325,4.04,,69.8680952380952,7.29684210526316,1373.26666666667,24.34,108.646429375,1581.03571428571,164.279183968254
2002-10-01,28.84,49.5568181818182,4.13,,65.7308695652174,7.02,1311.46086956522,27.54,109.64680993323,1486.17173913043,180.043966666667
2002-09-01,29.66,48.9789473684211,3.55,,60.6661904761905,6.4095,1301.7,28.4,113.941454196429,1478.93333333333,173.342621746032
2002-08-01,28.39,49.3214285714286,3.09,,54.3640909090909,5.85681818181818,1293.35714285714,26.65,109.891001785714,1482.91666666667,149.61353
2002-07-01,26.97,46.702380952381,2.99,,56.4773913043478,5.79476190476191,1337.8652173913,25.74,99.7000026785715,1588.2847826087,132.644636666667
2002-06-01,25.52,43.4833333333333,3.26,,58.5555,5.246,1356.93333333333,24.08,93.1698001339286,1650.59444444444,115.411857
2002-05-01,27.04,39.8928571428571,3.5,,61.4604347826087,5.61181818181818,1344.42727272727,25.35,90.3313050170068,1597.02272727273,104.096405217391
2002-04-01,26.18,41.3833333333333,3.43,,65.3368181818182,5.17818181818182,1370.38571428571,25.73,87.1066477678571,1588.57142857143,104.802958333333
2002-03-01,24.53,42.0375,3.03,,64.0704761904762,5.9245,1404.985,23.7,89.8579491071429,1607.3925,102.551573666667
2002-02-01,20.72,42.805,2.32,,59.116,5.68315789473684,1371.08,20.28,90.728193843985,1561.3675,103.837602
2002-01-01,19.72,43.4159090909091,2.32,,58.2430434782609,7.31380952380952,1371.36363636364,19.42,91.9669605867347,1508.22727272727,106.189196666667
2001-12-01,19.39,42.8684210526316,2.3,,56.5852380952381,7.41,1348.72352941176,18.71,92.3115151680672,1472.84705882353,104.370385166667
2001-11-01,19.64,37.9595238095238,2.34,,58.8477272727273,7.278,1334.45454545455,18.8,89.8825542410714,1434.29318181818,106.801591111111
2001-10-01,22.17,37.2217391304348,2.46,,56.3678260869565,6.59608695652174,1283.53043478261,20.54,86.2677391304348,1377.37608695652,104.831278550725
2001-09-01,26.2,41.2625,2.19,,58.267,7.16066666666667,1345.995,25.62,89.7439884868421,1427.69736842105,103.176216
2001-08-01,27.37,43.3272727272727,2.97,,59.3313043478261,7.90434782608696,1377.84545454545,25.68,92.8790316381988,1466.41136363636,104.224209275362
2001-07-01,26.43,45.5452380952381,3.11,,58.9413636363636,8.53619047619048,1418.62272727273,24.61,90.7546695436508,1526.77045454545,108.343711666667
2001-06-01,27.6,47.4595238095238,3.72,,63.8461904761905,8.74285714285714,1470.83333333333,27.85,83.1606659863946,1610.46904761905,109.426138730159
2001-05-01,28.63,49.9714285714286,4.19,,69.6313043478261,8.95954545454546,1542.39047619048,28.31,85.0775230867347,1684.85,110.774167246377
2001-04-01,27.49,51.1638888888889,5.19,,65.9976190476191,8.05210526315789,1499.48333333333,25.66,87.5450665178572,1665.97222222222,106.154202698413
2001-03-01,27.25,54.5636363636364,5.23,,66.6659090909091,8.71681818181818,1512.17272727273,24.5,91.0121535714286,1742.15909090909,105.571235
2001-02-01,29.61,60.4425,5.61,,67.2755,9.3625,1607.03,27.5,92.3775148214285,1766.125,103.323190666667
2001-01-01,29.59,64.1772727272727,8.17,,65.6526086956522,10.0595238095238,1619.87727272727,25.62,94.2972332706767,1787.05681818182,109.479425
2000-12-01,28.44,65.8605263157895,8.9,,65.9033333333333,9.7175,1569.055,25.66,96.2242037593985,1852.4,113.740020166667
2000-11-01,34.42,63.9772727272727,5.52,,71.3904545454546,9.5135,1475.55454545455,32.55,88.9371078282313,1795.60227272727,105.036781666667
2000-10-01,33.11,60.8931818181818,5.02,,76.7645454545455,10.4131818181818,1501.24545454545,30.96,84.7072744047619,1894.37272727273,107.775855
2000-09-01,33.88,61.6425,5.06,,75.8352380952381,9.8575,1602.30952380952,33.14,80.150576268797,1961.89285714286,103.44217015873
2000-08-01,31.26,60.8913043478261,4.43,,79.3039130434783,10.5978260869565,1530.3347826087,30.2,75.2405311428571,1857.12391304348,96.6518188405797
2000-07-01,29.7,58.3904761904762,3.99,,87.6561904761905,9.64047619047619,1564.37619047619,28.68,75.057375212585,1803.14285714286,97.1257588888889
2000-06-01,31.82,59.4727272727273,4.29,,86.8940909090909,8.33454545454546,1509.37272727273,29.8,84.0395145034014,1752.07272727273,103.366615
2000-05-01,28.79,60.5047619047619,3.59,,91.5060869565217,6.78086956521739,1468.0652173913,27.74,95.5305508928571,1785.09782608696,99.1120469565218
2000-04-01,25.72,58.7675,3.04,,94.65,6.011,1458.745,22.76,95.5393729517857,1681.9075,94.4312233333333
2000-03-01,29.84,57.304,2.79,,100.652608695652,5.1112,1579.64,27.49,95.1693511057143,1739.8,96.3962107246377
2000-02-01,29.37,53.435,2.66,,104.041428571429,5.351,1679.425,27.78,95.0816190401786,1807.025,98.1668294444444
2000-01-01,27.26,47.4333333333333,2.42,,111.851428571429,5.6295,1679.85,25.51,92.9532749553571,1843.85,93.6228626666666
1999-12-01,26.1,44.1952380952381,2.36,,123.165217391304,5.982,1554.73529411765,25.47,87.2228376839286,1764.88235294118,90.4373465217391
1999-11-01,25.0,46.2125,2.37,,112.450909090909,6.505,1472.43181818182,24.58,85.4093406300459,1726.77272727273,91.6754483333333
1999-10-01,22.69,47.4333333333333,2.73,,92.7590476190476,6.75428571428571,1473.33333333333,22.0,85.6504712053571,1723.28571428571,88.5522366666667
1999-09-01,23.8,49.475,2.55,,84.5240909090909,6.67454545454545,1492.06818181818,22.54,87.1209208758503,1749.68181818182,94.79866
1999-08-01,21.28,50.9809523809524,2.8,,91.4995454545454,5.72347826086956,1421.69047619048,20.22,86.3819147321428,1646.7380952381,98.0220816666666
1999-07-01,20.1,54.41,2.31,,95.7918181818182,5.37818181818182,1403.36363636364,19.08,83.5984030357143,1639.18181818182,93.0139676190476
1999-06-01,17.92,58.5,2.3,,108.117272727273,6.03863636363636,1315.52272727273,15.86,92.9470118303571,1422.15909090909,99.9427733333333
1999-05-01,17.72,59.9,2.26,,111.354761904762,5.7485,1323.13157894737,15.23,92.7170656696428,1510.44736842105,99.6103306349206
1999-04-01,17.31,57.7375,2.15,,102.828636363636,5.42190476190476,1277.85,15.29,94.0384785289116,1463.725,102.331111666667
1999-03-01,14.68,56.706,1.79,,105.132173913043,6.02521739130435,1179.86363636364,12.51,96.4264500776398,1378.47727272727,104.575670434783
1999-02-01,12.01,56.1875,1.77,,104.762,6.8155,1186.475,10.27,94.5640047227443,1412.95,104.278526
1999-01-01,12.52,55.7750015258789,1.85,,114.227619047619,8.10900020599365,1219.40002441406,11.11,97.4518737792969,1432.00002842255,111.893213492063
1998-12-01,11.35,56.0,1.72,,117.056086956522,8.07681846618652,1250.39477539063,9.82,95.3247604370117,1475.76309447174,111.804587463768
1998-11-01,13.0,56.0800018310547,2.12,,116.121904761905,8.06142902374268,1295.30004882813,11.04,97.3845291137695,1573.72497511139,115.611322619048
1998-10-01,14.46,61.4599990844727,1.91,,109.387272727273,7.46272706985474,1303.70458984375,12.7,95.494758605957,1585.49992534637,112.155668253968
1998-09-01,15.03,66.3874969482422,2.02,,112.944090909091,7.22909069061279,1341.88635253906,13.34,85.7144470214844,1646.77269191284,97.5711366666667
1998-08-01,13.47,68.1750030517578,1.85,,123.647142857143,8.48238086700439,1310.55004882813,11.91,88.3582077026367,1619.92507875671,97.00328
1998-07-01,14.17,69.8639984130859,2.17,,116.941304347826,8.6247615814209,1312.66662597656,12.08,100.904479980469,1655.66672697449,106.620535362319
1998-06-01,13.72,68.9380035400391,2.17,,126.663181818182,8.09863662719727,1305.52380371094,12.21,101.751693725586,1656.59518632507,112.368813333333
1998-05-01,14.91,64.3600006103516,2.14,,138.937619047619,9.22550010681152,1364.31579589844,14.36,105.966926574707,1731.65792903595,118.349600634921
1998-04-01,15.35,65.6999969482422,2.43,,150.255,9.67681789398193,1417.55004882813,13.53,106.687858581543,1800.12507817535,118.197695
1998-03-01,15.12,68.4250030517578,2.24,,158.39,9.84227275848389,1438.31823730469,13.1,113.840438842773,1747.15916341095,128.235396666667
1998-02-01,16.06,68.8375015258789,2.23,,178.374,10.7194995880127,1465.17504882813,14.07,113.61873626709,1663.99998604431,128.308884
1998-01-01,16.72,72.1374969482422,2.09,,176.913636363636,11.518500328064,1485.47497558594,15.19,114.367256164551,1687.60000986328,127.350208333333
1997-12-01,18.33,74.3539962768555,2.35,,176.779565217391,12.3266668319702,1530.52380371094,17.18,113.604362487793,1761.45239143524,129.729106594203
1997-11-01,20.19,77.2249984741211,3.01,,160.3115,12.0120000839233,1598.32495117188,19.17,117.404762268066,1918.49994499359,135.382039833333
1997-10-01,21.33,77.75,3.07,,169.149130434783,11.3822727203369,1607.32604980469,19.87,120.244216918945,2050.6955684021,136.207174782609
1997-09-01,19.8,79.6374969482422,2.88,,190.864545454545,11.3313636779785,1611.61901855469,18.46,112.236907958984,2104.30955452118,138.239695
1997-08-01,19.95,81.2099990844727,2.49,,191.099047619048,11.7014284133911,1710.02502441406,18.6,111.951019287109,2250.10004305115,139.345981587302
1997-07-01,19.66,81.1750030517578,2.19,,190.158260869565,11.5721740722656,1591.5869140625,18.46,106.420722961426,2449.19570404663,130.408065652174
1997-06-01,19.26,80.5124969482422,2.2,,226.760952380952,11.4290475845337,1567.1904296875,17.58,112.58137512207,2611.28570015411,141.200661904762
1997-05-01,20.82,79.2600021362305,2.25,,265.605909090909,11.1281814575195,1625.44995117188,19.02,118.610809326172,2513.29993523407,168.402905
1997-04-01,19.7,78.8249969482422,2.03,,205.440909090909,11.2990913391113,1561.11364746094,17.56,124.712875366211,2389.31814949341,175.56792
1997-03-01,20.97,80.625,1.89,,193.408095238095,11.1409997940063,1631.18420410156,19.13,127.860580444336,2420.1842087265,167.708592857143
1997-02-01,22.18,80.4000015258789,2.15,,166.3255,10.8129997253418,1582.05297851563,20.85,121.746200561523,2406.63156159363,164.170702666667
1997-01-01,25.13,79.7699966430664,3.45,,131.233913043478,10.6919050216675,1575.13635253906,23.54,118.695167541504,2427.27279402924,167.790752608696
1996-12-01,25.23,78.2925033569336,,,116.893636363636,10.7379999160767,1500.97619628906,23.78,116.835014343262,2264.59527826385,167.831071746032
1996-11-01,23.71,75.9059982299805,,,123.91380952381,10.7247619628906,1451.04760742188,22.76,117.136840820313,2215.42864607391,169.265824444444
1996-10-01,24.88,75.4250030517578,,,123.776956521739,11.1239128112793,1336.02172851563,24.16,128.608795166016,1960.19567519531,169.595984927536
1996-09-01,23.97,75.3600006103516,,,119.812380952381,11.915714263916,1405.76196289063,22.63,145.239181518555,1935.07143060913,170.980528888889
1996-08-01,21.9,76.7099990844727,,,125.507727272727,12.3663635253906,1466.78576660156,20.51,186.820068359375,2017.85720584564,181.497011666667
1996-07-01,21.3,79.8375015258789,,,123.700869565217,12.8069562911987,1460.02172851563,19.57,197.619995117188,1983.93479971771,196.38691057971
1996-06-01,20.42,83.125,,,125.03,12.173999786377,1485.75,18.46,196.639312744141,2177.59998270721,215.2260275
1996-05-01,21.17,82.8899993896484,,,129.595652173913,11.3777275085449,1593.85717773438,19.15,203.998931884766,2658.76193080902,248.59486826087
1996-04-01,23.5,83.0,,,121.883181818182,11.9838094711304,1587.40002441406,20.9,189.03303527832,2594.17496803894,239.516215714286
1996-03-01,21.33,83.2300033569336,,,120.807619047619,12.8990478515625,1614.85717773438,19.85,170.961151123047,2563.34994940033,205.257120793651
1996-02-01,19.09,86.7874984741211,,,124.780476190476,12.8185710906982,1594.57141113281,18.0,164.71223449707,2544.66672335968,206.166963968254
1996-01-01,18.86,85.9124984741211,,,107.961739130435,12.5336360931396,1584.47619628906,17.85,156.67073059082,2604.99992943115,196.428301666667
1995-12-01,19.03,88.4250030517578,,,106.368095238095,12.3100004196167,1657.81579589844,17.93,148.188522338867,2918.21064537659,208.924942016602
1995-11-01,17.99,89.2874984741211,,,125.260454545455,11.9840908050537,1655.92858886719,16.86,143.21223449707,2981.61903664856,204.067321777344
1995-10-01,17.43,91.5250015258789,,,127.085909090909,11.837272644043,1671.95458984375,16.11,140.816360473633,2810.06817431793,203.791748046875
1995-09-01,18.23,91.0999984741211,,,137.138095238095,11.6899995803833,1761.72497558594,16.7,130.51301574707,2910.42504276428,193.671279907227
1995-08-01,18.02,84.6500015258789,,,150.991739130435,12.9808692932129,1890.04541015625,16.1,126.297080993652,3040.13619641418,184.393295288086
1995-07-01,17.33,95.9770736694336,,,140.296666666667,13.5923805236816,1867.27502441406,15.85,127.309562683105,3076.4500581665,190.08528137207
1995-06-01,18.45,104.357498168945,,,158.603181818182,14.0204544067383,1775.79541015625,17.31,120.007438659668,2987.68194348755,169.98078918457
1995-05-01,19.74,115.849998474121,,,173.245652173913,13.5222730636597,1765.47619628906,18.35,111.927581787109,2771.57125569763,158.611557006836
1995-04-01,19.9,113.224998474121,,,173.237,13.6052627563477,1849.44445800781,18.65,109.640487670898,2894.88882296448,148.978652954102
1995-03-01,18.54,110.474998474121,,,179.210869565217,14.5934782028198,1799.97827148438,17.01,109.627067565918,2919.67397804871,150.385986328125
1995-02-01,18.57,99.9625015258789,,,167.475,14.4075002670288,1905.44995117188,17.11,106.977661132813,2870.45015814514,154.420104980469
1995-01-01,18.04,94.7750015258789,,,171.088181818182,14.7950000762939,2059.35717773438,16.55,106.898773193359,3003.26189506836,156.213088989258
1994-12-01,17.16,86.3833312988281,,,162.265,14.6747617721558,1878.375,15.93,102.555236816406,2980.69999645081,164.62174987793
1994-11-01,18.07,76.9124984741211,,,188.116363636364,13.9259090423584,1885.88635253906,17.19,95.605712890625,2803.54541098175,161.986770629883
1994-10-01,17.72,73.875,,,207.313809523809,12.7580947875977,1694.26196289063,16.49,96.1100006103516,2546.02375416412,167.188064575195
1994-09-01,17.45,75.2900009155273,,,218.680454545455,12.594090461731,1571.09094238281,15.9,97.6050567626953,2504.84103139343,158.785140991211
1994-08-01,18.38,76.9375,,,199.139565217391,12.0947828292847,1457.06823730469,16.89,96.1568756103516,2409.74997397766,146.024124145508
1994-07-01,19.66,82.0199966430664,,,201.41,11.7742853164673,1491.95239257813,17.6,98.7315521240234,2447.23803404999,137.600448608398
1994-06-01,19.06,86.1999969482422,,,133.361363636364,12.0481815338135,1402.36364746094,16.76,112.083099365234,2363.09102303009,139.304428100586
1994-05-01,17.89,86.0374984741211,,,117.166363636364,11.5799999237061,1321.04760742188,16.19,110.601257324219,2144.50007046051,140.147354125977
1994-04-01,16.42,83.25,,,90.9376190476191,11.013500213623,1277.28942871094,15.23,113.416732788086,1881.36846713562,140.452667236328
1994-03-01,14.68,81.7699966430664,,,87.0147826086956,11.7291307449341,1287.69567871094,13.82,120.107292175293,1913.17391866455,141.04377746582
1994-02-01,14.78,79.9749984741211,,,83.2,10.8225002288818,1270.52502441406,13.8,123.64900970459,1865.07501472778,147.037521362305
1994-01-01,15.03,67.9375,,,79.5823809523809,10.2990474700928,1170.0,14.29,126.716453552246,1807.07136699066,153.207977294922
1993-12-01,14.52,58.7357139587402,,,82.5526086956522,10.522608757019,1091.34997558594,13.73,121.229499816895,1723.6250736618,158.645385742188
1993-11-01,16.61,54.9124984741211,,,79.2386363636364,10.0740909576416,1040.02270507813,15.2,115.92845916748,1632.56810484467,146.501602172852
1993-10-01,18.15,54.9124984741211,,,76.6433333333334,10.2947616577148,1089.42858886719,16.61,105.767631530762,1646.99992897491,135.956161499023
1993-09-01,17.5,55.1624984741211,,,81.1218181818182,9.53590869903564,1116.90905761719,16.01,101.031677246094,1858.24999750519,131.294311523438
1993-08-01,18.01,55.5,,,76.1872727272727,9.34227275848389,1172.76196289063,16.7,100.312896728516,1951.07137548676,129.797012329102
1993-07-01,17.89,57.9900016784668,,,70.4790909090909,9.67500019073486,1203.18176269531,16.78,101.888687133789,1927.33981992645,127.522399902344
1993-06-01,19.09,58.4772720336914,,,63.1904545454546,10.3986368179321,1168.09094238281,17.65,92.7262115478516,1857.87070840454,121.81778717041
1993-05-01,19.95,60.1749992370605,,,61.6590476190476,11.8280000686646,1125.42102050781,18.51,99.2226715087891,1799.35169844818,136.580810546875
1993-04-01,20.25,61.0710525512695,,,58.4145454545454,11.1538095474243,1110.27502441406,18.67,100.487373352051,1953.62060192108,141.992401123047
1993-03-01,20.32,61.4543495178223,,,64.6813043478261,10.6247825622559,1150.47827148438,18.79,97.5351867675781,2152.38020099945,147.899658203125
1993-02-01,20.09,60.5473670959473,,,67.4365,8.55949974060059,1203.15002441406,18.47,94.2540740966797,2212.18139313507,148.884384155273
1993-01-01,19.03,57.294734954834,,,71.8190476190477,8.23799991607666,1208.09997558594,17.39,94.09521484375,2264.21397077332,155.650772094727
1992-12-01,19.41,54.0,,,75.1391304347826,8.14863681793213,1209.02380371094,18.14,94.0434188842773,2211.95028749237,147.827651977539
1992-11-01,20.34,52.6875,,,52.5128571428572,8.55952453613281,1162.21435546875,19.21,95.1726608276367,2161.78909368286,147.574188232422
1992-10-01,21.69,53.1199989318848,,,50.83,8.7054557800293,1180.84106445313,20.26,94.5597686767578,2262.45696237183,140.581283569336
1992-09-01,21.88,56.6500015258789,,,51.6731818181818,9.31227493286133,1270.21435546875,20.27,98.2166748046875,2419.61418178101,138.735794067383
1992-08-01,21.34,59.75,,,53.3538095238095,9.86476135253906,1305.55004882813,19.74,97.5399322509766,2513.46998458252,128.168487548828
1992-07-01,21.78,65.2900085449219,,,58.3491304347826,10.3121757507324,1314.34790039063,20.24,102.394058227539,2527.28502240143,136.31901550293
1992-06-01,22.39,63.8875007629395,,,59.4481818181818,10.347728729248,1275.27270507813,21.16,110.201927185059,2296.44193858643,148.665725708008
1992-05-01,20.98,60.5900001525879,,,60.7966666666667,9.61333465576172,1306.71069335938,19.89,109.177909851074,2219.31505581207,149.689117431641
1992-04-01,20.23,57.9874992370605,,,66.5222727272727,9.45571517944336,1317.125,18.92,109.055137634277,2214.16681599274,159.931198120117
1992-03-01,18.92,55.3250007629395,,,69.8936363636364,8.25045394897461,1282.02270507813,17.63,116.684593200684,2231.78550956421,169.350738525391
1992-02-01,19.01,56.2999992370605,,,69.298,7.84299993515015,1270.75,18.05,113.921257019043,2208.89225860596,177.130599975586
1992-01-01,18.79,59.6199989318848,,,73.0318181818182,8.42409133911133,1181.22729492188,18.16,109.586357116699,2150.57962901611,169.954772949219
1991-12-01,19.5,61.7625007629395,,,75.0966796875,9.00190353393555,1099.5263671875,18.41,106.720680236816,2205.91849749756,160.836669921875
1991-11-01,22.46,64.1000061035156,,,78.5177917480469,8.63299942016602,1134.92504882813,21.11,106.797866821289,2375.66037788696,149.536529541016
1991-10-01,23.23,67.9400024414063,,,79.86181640625,9.12588119506836,1152.95458984375,22.21,109.523323059082,2360.64557547607,146.887191772461
1991-09-01,21.89,70.3250122070313,,,87.4509887695313,9.29550170898438,1212.09521484375,20.5,108.853126525879,2318.58300291138,135.37287902832
1991-08-01,21.69,73.4700012207031,,,81.6188049316406,9.58829879760742,1259.693359375,19.77,110.118812561035,2236.18677692413,125.326843261719
1991-07-01,21.4,81.0249938964844,,,82.8082580566406,10.3219985961914,1297.54663085938,19.4,105.72989654541,2231.25534581909,118.209587097168
1991-06-01,20.19,83.8399963378906,,,85.5,9.20000076293945,1283.55004882813,18.17,105.113136291504,2218.06802725677,120.151794433594
1991-05-01,21.23,84.1700134277344,,,87.5899963378906,7.58809995651245,1299.94995117188,19.19,105.735160827637,2340.4246727356,122.036750793457
1991-04-01,20.83,83.4299926757813,,,92.2699890136719,8.5099983215332,1392.0,19.18,110.231010437012,2471.37932275848,120.886665344238
1991-03-01,19.9,84.2300109863281,,,93.7200012207031,9.13999938964844,1496.0,19.08,109.049957275391,2409.64939088135,119.416923522949
1991-02-01,20.48,84.8800048828125,,,89.5700073242188,8.5099983215332,1505.0,19.54,106.294166564941,2447.1282,113.905372619629
1991-01-01,25.23,83.7099914550781,,,86.3200073242188,8.79999923706055,1515.0,23.57,105.506813049316,2447.1282,111.333320617676
1990-12-01,27.28,83.8599853515625,,,89.8900146484375,9.7400016784668,1522.0,28.27,102.357360839844,2484.60700911865,113.17049407959
1990-11-01,32.33,82.4299926757813,,,84.8399963378906,10.060001373291,1618.0,33.07,99.9952697753906,2583.81490911865,112.803070068359
1990-10-01,36.04,81.3599853515625,,,91.4100036621094,9.38999938964844,1946.0,36.02,99.9952697753906,2742.54697724152,114.640243530273
1990-09-01,33.51,81.2799987792969,,,94.9200134277344,11.0200004577637,2067.0,34.9,102.357360839844,3040.17084544067,114.272811889648
1990-08-01,27.31,81.2799987792969,,,94.4200134277344,10.9300003051758,1782.0,27.17,109.83731842041,2956.39555455933,116.844856262207
1990-07-01,18.45,91.7900085449219,,,86.4800109863281,12.0,1571.0,17.17,114.955192565918,2769.00302275848,124.92847442627
1990-06-01,16.7,90.1799926757813,,,88.260009765625,12.9700012207031,1566.0,15.1,120.073066711426,2583.81490911865,135.584136962891
1990-05-01,18.2,85.6000061035156,,,92.0199890136719,14.6199989318848,1527.0,16.35,121.254096984863,2740.34239088135,149.179290771484
1990-04-01,18.43,82.8699951171875,,,93.7300109863281,15.2400016784668,1526.0,16.61,118.498336791992,2685.22689088135,159.467529296875
1990-03-01,20.39,78.8999938964844,,,93.9599914550781,15.310001373291,1567.0,18.39,109.83731842041,2625.70272275848,156.528030395508
1990-02-01,22.11,75.9599914550781,,,84.010009765625,14.6500015258789,1454.0,19.81,106.294166564941,2358.9434,160.937271118164
1990-01-01,22.86,75.2000122070313,,,75.8299865722656,14.2000007629395,1528.0,21.25,105.900512695313,2365.55699088135,167.918579101563
1989-12-01,21.1,,,,,,,19.84,,,
1989-11-01,19.86,,,,,,,18.73,,,
1989-10-01,20.1,,,,,,,18.91,,,
1989-09-01,19.59,,,,,,,17.77,,,
1989-08-01,18.58,,,,,,,16.77,,,
1989-07-01,19.78,,,,,,,17.62,,,
1989-06-01,20.05,,,,,,,17.67,,,
1989-05-01,20.12,,,,,,,18.63,,,
1989-04-01,21.07,,,,,,,20.32,,,
1989-03-01,19.48,,,,,,,18.7,,,
1989-02-01,17.94,,,,,,,16.89,,,
1989-01-01,18.02,,,,,,,17.17,,,
1988-12-01,16.38,,,,,,,15.31,,,
1988-11-01,14.14,,,,,,,13.02,,,
1988-10-01,13.77,,,,,,,12.41,,,
1988-09-01,14.54,,,,,,,13.18,,,
1988-08-01,15.52,,,,,,,14.89,,,
1988-07-01,15.5,,,,,,,14.91,,,
1988-06-01,16.53,,,,,,,15.54,,,
1988-05-01,17.42,,,,,,,16.31,,,
1988-04-01,17.86,,,,,,,16.6,,,
1988-03-01,16.2,,,,,,,14.73,,,
1988-02-01,16.8,,,,,,,15.73,,,
1988-01-01,17.13,,,,,,,16.75,,,
1987-12-01,17.28,,,,,,,17.05,,,
1987-11-01,18.85,,,,,,,17.78,,,
1987-10-01,19.86,,,,,,,18.76,,,
1987-09-01,19.53,,,,,,,18.31,,,
1987-08-01,20.31,,,,,,,18.98,,,
1987-07-01,21.34,,,,,,,19.86,,,
1987-06-01,20.07,,,,,,,18.86,,,
1987-05-01,19.44,,,,,,,18.58,,,
1987-04-01,18.68,,,,,,,,,,
1987-03-01,18.3,,,,,,,,,,
1987-02-01,17.75,,,,,,,,,,
1987-01-01,18.65,,,,,,,,,,
1986-12-01,16.11,,,,,,,,,,
1986-11-01,15.22,,,,,,,,,,
1986-10-01,14.9,,,,,,,,,,
1986-09-01,14.87,,,,,,,,,,
1986-08-01,15.1,,,,,,,,,,
1986-07-01,11.59,,,,,,,,,,
1986-06-01,13.43,,,,,,,,,,
1986-05-01,15.38,,,,,,,,,,
1986-04-01,12.84,,,,,,,,,,
1986-03-01,12.61,,,,,,,,,,
1986-02-01,15.46,,,,,,,,,,
1986-01-01,22.93,,,,,,,,,,
1985-12-01,,,,,,,,,,,
1985-11-01,,,,,,,,,,,
1985-10-01,,,,,,,,,,,
1985-09-01,,,,,,,,,,,
1985-08-01,,,,,,,,,,,
1985-07-01,,,,,,,,,,,
1985-06-01,,,,,,,,,,,
1985-05-01,,,,,,,,,,,
1985-04-01,,,,,,,,,,,
1985-03-01,,,,,,,,,,,
1985-02-01,,,,,,,,,,,
1985-01-01,,,,,,,,,,,
1984-12-01,,,,,,,,,,,
1984-11-01,,,,,,,,,,,
1984-10-01,,,,,,,,,,,
1984-09-01,,,,,,,,,,,
1984-08-01,,,,,,,,,,,
1984-07-01,,,,,,,,,,,
1984-06-01,,,,,,,,,,,
1984-05-01,,,,,,,,,,,
1984-04-01,,,,,,,,,,,
1984-03-01,,,,,,,,,,,
1984-02-01,,,,,,,,,,,
1984-01-01,,,,,,,,,,,
1983-12-01,,,,,,,,,,,
1983-11-01,,,,,,,,,,,
1983-10-01,,,,,,,,,,,
1983-09-01,,,,,,,,,,,
1983-08-01,,,,,,,,,,,
1983-07-01,,,,,,,,,,,
1983-06-01,,,,,,,,,,,
1983-05-01,,,,,,,,,,,
1983-04-01,,,,,,,,,,,
1983-03-01,,,,,,,,,,,
1983-02-01,,,,,,,,,,,
1983-01-01,,,,,,,,,,,
1982-12-01,,,,,,,,,,,
1982-11-01,,,,,,,,,,,
1982-10-01,,,,,,,,,,,
1982-09-01,,,,,,,,,,,
1982-08-01,,,,,,,,,,,
1982-07-01,,,,,,,,,,,
1982-06-01,,,,,,,,,,,
1982-05-01,,,,,,,,,,,
1982-04-01,,,,,,,,,,,
1982-03-01,,,,,,,,,,,
1982-02-01,,,,,,,,,,,
1982-01-01,,,,,,,,,,,
1981-12-01,,,,,,,,,,,
1981-11-01,,,,,,,,,,,
1981-10-01,,,,,,,,,,,
1981-09-01,,,,,,,,,,,
1981-08-01,,,,,,,,,,,
1981-07-01,,,,,,,,,,,
1981-06-01,,,,,,,,,,,
1981-05-01,,,,,,,,,,,
1981-04-01,,,,,,,,,,,
1981-03-01,,,,,,,,,,,
1981-02-01,,,,,,,,,,,
1981-01-01,,,,,,,,,,,
1980-12-01,,,,,,,,,,,
1980-11-01,,,,,,,,,,,
1980-10-01,,,,,,,,,,,
1980-09-01,,,,,,,,,,,
1980-08-01,,,,,,,,,,,
1980-07-01,,,,,,,,,,,
1980-06-01,,,,,,,,,,,
1980-05-01,,,,,,,,,,,
1980-04-01,,,,,,,,,,,
1980-03-01,,,,,,,,,,,
1980-02-01,,,,,,,,,,,
1980-01-01,,,,,,,,,,,
